_id,email,username,password
66623c1664b327d24e15c985,user1@example.com,user1,scrypt:32768:8:1$vhFYsEfXd4BRf0ZO$878cdc13f521cc7a42776ebfe5d6802e644c…
66623c1664b327d24e15c986,user2@example.com,user2,scrypt:32768:8:1$vhFYsEfXd4BRf0ZO$878cdc13f521cc7a42776ebfe5d6802e644c…
66623c1664b327d24e15c987,user3@example.com,user3,scrypt:32768:8:1$vhFYsEfXd4BRf0ZO$878cdc13f521cc7a42776ebfe5d6802e644c…
66623c1664b327d24e15c988,user4@example.com,user4,scrypt:32768:8:1$vhFYsEfXd4BRf0ZO$878cdc13f521cc7a42776ebfe5d6802e644c…
66623c1664b327d24e15c989,user5@example.com,user5,scrypt:32768:8:1$vhFYsEfXd4BRf0ZO$878cdc13f521cc7a42776ebfe5d6802e644c…
66623c1664b327d24e15c98a,user6@example.com,user6,scrypt:32768:8:1$vhFYsEfXd4BRf0ZO$878cdc13f521cc7a42776ebfe5d6802e644c…
66623c1664b327d24e15c98b,user7@example.com,user7,scrypt:32768:8:1$vhFYsEfXd4BRf0ZO$878cdc13f521cc7a42776ebfe5d6802e644c…
66623c1664b327d24e15c98c,user8@example.com,user8,scrypt:32768:8:1$vhFYsEfXd4BRf0ZO$878cdc13f521cc7a42776ebfe5d6802e644c…
66623c1664b327d24e15c98d,user9@example.com,user9,scrypt:32768:8:1$vhFYsEfXd4BRf0ZO$878cdc13f521cc7a42776ebfe5d6802e644c…
66623c1664b327d24e15c98e,user10@example.com,user10,scrypt:32768:8:1$vhFYsEfXd4BRf0ZO$878cdc13f521cc7a42776ebfe5d6802e644c…
66623c1664b327d24e15c98f,user11@example.com,user11,scrypt:32768:8:1$vhFYsEfXd4BRf0ZO$878cdc13f521cc7a42776ebfe5d6802e644c…
66623c1664b327d24e15c990,user12@example.com,user12,scrypt:32768:8:1$vhFYsEfXd4BRf0ZO$878cdc13f521cc7a42776ebfe5d6802e644c…
66623c1664b327d24e15c991,user13@example.com,user13,scrypt:32768:8:1$vhFYsEfXd4BRf0ZO$878cdc13f521cc7a42776ebfe5d6802e644c…
66623c1664b327d24e15c992,user14@example.com,user14,scrypt:32768:8:1$vhFYsEfXd4BRf0ZO$878cdc13f521cc7a42776ebfe5d6802e644c…
66623c1664b327d24e15c993,user15@example.com,user15,scrypt:32768:8:1$vhFYsEfXd4BRf0ZO$878cdc13f521cc7a42776ebfe5d6802e644c…
66623c1664b327d24e15c994,user16@example.com,user16,scrypt:32768:8:1$vhFYsEfXd4BRf0ZO$878cdc13f521cc7a42776ebfe5d6802e644c…
66623c1664b327d24e15c995,user17@example.com,user17,scrypt:32768:8:1$vhFYsEfXd4BRf0ZO$878cdc13f521cc7a42776ebfe5d6802e644c…
66623c1664b327d24e15c996,user18@example.com,user18,scrypt:32768:8:1$vhFYsEfXd4BRf0ZO$878cdc13f521cc7a42776ebfe5d6802e644c…
66623c1664b327d24e15c997,user19@example.com,user19,scrypt:32768:8:1$vhFYsEfXd4BRf0ZO$878cdc13f521cc7a42776ebfe5d6802e644c…
66623c1664b327d24e15c998,user20@example.com,user20,scrypt:32768:8:1$vhFYsEfXd4BRf0ZO$878cdc13f521cc7a42776ebfe5d6802e644c…
